country,isocode,year,rgdpo,pop,emp,hc,cn,ctfp,output_per_worker,capital_per_worker,log_output_per_worker,log_capital_per_worker
United States,USA,1990,9978170.0,252.120309,123.0460205078125,3.435096502304077,38181020.0,1.0,81092.99235212943,310298.6983441353,11.30335182887484,12.6452906555973
United States,USA,1991,9939456.0,254.53937,121.56706237792969,3.4523024559020996,38943404.0,1.0,81761.0938816639,320345.0279890132,11.311556784526895,12.677153906388
United States,USA,1992,10301173.0,256.990613,121.79700469970703,3.469594955444336,39749448.0,1.0,84576.57087214706,326358.17356923566,11.345412567193796,12.695750749158758
United States,USA,1993,10602463.0,259.532129,123.12069702148438,3.486973524093628,40619168.0,1.0,86114.38414899395,329913.4019109071,11.36343173974911,12.70658548055312
United States,USA,1994,11054640.0,262.241196,125.68997955322266,3.50443959236145,41576692.0,1.0,87951.64132649875,330787.6423227088,11.384542412032488,12.709231884489233
United States,USA,1995,11361680.0,265.163745,127.46273803710938,3.5219931602478027,42588924.0,1.0,89137.26611374198,334128.4257333363,11.397932776451384,12.719280706238152
United States,USA,1996,11815750.0,268.335003,129.357666015625,3.5332388877868652,43715280.0,1.0,91341.7067881604,337941.1622556615,11.42236277266207,12.730627083145459
United States,USA,1997,12360252.0,271.713635,132.36257934570312,3.544520616531372,44934620.0,1.0,93381.77044523762,339481.2961648341,11.444451427921527,12.735174132165266
United States,USA,1998,12924324.0,275.175301,134.5009002685547,3.5558385848999023,46303492.0,1.0,96090.98507292007,344261.57674444513,11.473050782784174,12.74915704491274
United States,USA,1999,13526821.0,278.54814999999996,136.7564697265625,3.567192554473877,47787512.0,1.0,98911.74455618941,349435.1096920582,11.50198326239241,12.764073157300771
United States,USA,2000,14095967.0,281.710909,138.6361083984375,3.578582525253296,49329068.0,1.0,101676.01473267312,355816.88327711285,11.529546710884691,12.78217150468199
United States,USA,2001,14205419.0,284.60799299999996,138.6468048095703,3.5883371829986572,50696672.0,1.0,102457.60094876308,365653.3741951808,11.537204342703776,12.809441098593567
United States,USA,2002,14396938.0,287.279318,138.15208435058594,3.598118543624878,51888828.0,1.0,104210.79108343499,375592.07480592694,11.55417096420068,12.836258926002918
United States,USA,2003,14799683.0,289.815562,138.69085693359375,3.6079261302948,53147924.0,1.0,106709.86773905509,383211.4472077106,11.577868914167007,12.856342197304143
United States,USA,2004,15372598.0,292.354658,140.2701873779297,3.6177608966827393,54536708.0,1.0,109592.7672683693,388797.57002863236,11.604526659241557,12.870814101622534
United States,USA,2005,15920553.0,294.993511,142.49330139160156,3.627622365951538,56048904.0,1.0,111728.43105267786,393344.13233900606,11.623826483132557,12.882440162496021
United States,USA,2006,16386528.0,297.758969,145.09414672851562,3.642328977584839,57539900.0,1.0,112937.20918088232,396569.40887948015,11.634587272286508,12.890606358657395
United States,USA,2007,16702365.0,300.608429,146.39578247070312,3.657094717025757,58882244.0,1.0,114090.47937116968,402212.7072669158,11.644747091274722,12.904736350219697
United States,USA,2008,16671577.0,303.48601199999996,146.22850036621094,3.6719207763671875,59952004.0,1.0,114010.44911387401,409988.503266174,11.644045382069844,12.92388439747313
United States,USA,2009,16195003.0,306.307567,141.22080993652344,3.6868066787719727,60486828.0,1.0,114678.58743537444,428313.84430657135,11.649888602476159,12.967611486934832
United States,USA,2010,16651722.0,309.01147499999996,140.71380615234375,3.7017533779144287,61035260.0,1.0,118337.51396058478,433754.5950105294,11.681296108409759,12.98023420387131
United States,USA,2011,16943864.0,311.584047,142.14735412597656,3.7070109844207764,61657100.0,1.0,119199.29220056873,433754.81998319196,11.688552095681064,12.980234722534645
United States,USA,2012,17382956.0,314.043885,144.58848571777344,3.712275981903076,62424364.0,1.0,120223.65345142565,431738.14076625695,11.697109065845467,12.975574527805984
United States,USA,2013,17764046.0,316.400538,145.97845458984375,3.7175486087799072,63225060.0,1.0,121689.50582407323,433112.2711063335,11.709228045381465,12.97875225999537
United States,USA,2014,18244220.0,318.673411,148.22064208984375,3.7228286266326904,64118460.0,1.0,123088.25371935233,432587.92497427366,11.720656886980814,12.9775408794307
United States,USA,2015,18785358.0,320.87831,150.24847412109375,3.728116273880005,65053528.0,1.0,125028.61083873516,432972.9694796746,11.736297876803754,12.978430578892095
United States,USA,2016,19095196.0,323.015995,152.39695739746094,3.7334113121032715,65971316.0,1.0,125299.06322341146,432891.29341304774,11.73845866458655,12.978241920991847
United States,USA,2017,19542980.0,325.08475599999997,154.6723175048828,3.7387139797210693,66940280.0,1.0,126350.85783455112,432787.72232714994,11.746817902144706,12.978002638106368
United States,USA,2018,20155260.0,327.09626499999996,156.6759033203125,3.7440237998962402,68005664.0,1.0,128643.01129187706,434053.11575556936,11.764796492813232,12.98092219212749
United States,USA,2019,20595844.0,329.064917,158.29959106445312,3.7493414878845215,69059488.0,1.0,130106.74166311783,436258.15793726087,11.77611048224426,12.985989452466647
Canada,CAN,1990,941469.375,27.541318999999998,13.290200233459473,3.2905988693237305,3675088.5,0.9644620418548584,70839.36723765472,276526.19489867275,11.168170159582099,12.530060832884608
Canada,CAN,1991,917014.0,27.88881,13.058436393737793,3.3113508224487305,3829316.5,0.9463671445846558,70223.87461639408,293244.6415894294,11.15944362644559,12.588762493848963
Canada,CAN,1992,925953.8125,28.224408999999998,12.93048095703125,3.332233428955078,3969052.25,0.9401195049285889,71610.16017710394,306953.18010129663,11.178992244796472,12.63445050712547
Canada,CAN,1993,947825.9375,28.547967,13.034626960754395,3.353247880935669,4095945.25,0.9238862991333008,72716.00026251488,314235.7094171065,11.194316725448092,12.65789865021435
Canada,CAN,1994,993124.5,28.860733999999997,13.291092872619629,3.3743948936462402,4226856.0,0.9209164381027222,74721.05638851492,318021.7037462399,11.221517210764707,12.669874910207675
Canada,CAN,1995,1042290.125,29.164151999999998,13.502547264099121,3.39567494392395,4327837.0,0.9309735298156738,77192.11083757985,320520.04080052,11.25405253956793,12.67770008318677
Canada,CAN,1996,1068538.625,29.457817,13.636177062988281,3.4170894622802734,4417465.0,0.913662850856781,78360.57129972735,323951.8656581554,11.269076162737965,12.688350220954453
Canada,CAN,1997,1111285.875,29.742382,13.899702072143555,3.4386391639709473,4423091.5,0.9258043766021729,79950.33772897422,318214.84209106426,11.289160942505514,12.67048203770458
Canada,CAN,1998,1127568.75,30.022073,14.223676681518555,3.46032452583313,4434234.5,0.9133861660957336,79274.07063921099,311750.23162341665,11.280666376085998,12.649957606520088
Canada,CAN,1999,1208232.0,30.302515,14.615461349487305,3.482146739959717,4436711.0,0.9328448176383972,82668.07123692907,303562.84306794294,11.322588727103971,12.623343929226866
Canada,CAN,2000,1284667.375,30.588383,14.952766418457031,3.5041067600250244,4290318.5,0.9717491865158081,85915.02997159533,286924.73218228173,11.361114063232503,12.56697520314173
Canada,CAN,2001,1273725.25,30.880073,15.07483196258545,3.518916130065918,4163947.75,0.9676312804222107,84493.4957259415,276218.5184109907,11.344429836725144,12.528947564816907
Canada,CAN,2002,1282036.25,31.178262999999998,15.427290916442871,3.533787727355957,4037697.5,0.96852046251297,83101.83926288491,261724.33785484012,11.327822113725981,12.475047083257294
Canada,CAN,2003,1346111.25,31.488048,15.770746231079102,3.548722505569458,4164733.0,0.9623969793319702,85354.949618506,264079.6408094274,11.354573718556416,12.484006006367968
Canada,CAN,2004,1406270.75,31.815493999999997,16.04599952697754,3.563720464706421,4314014.0,0.9593384861946106,87639.95958218057,268852.9307723716,11.380992332529248,12.50191978332169
Canada,CAN,2005,1514082.625,32.164308999999996,16.313701629638672,3.5787816047668457,4492993.0,0.9806755781173706,92810.48896034855,275412.2333485092,11.438314939977118,12.526024284582475
Canada,CAN,2006,1522705.125,32.536986999999996,16.594200134277344,3.5939064025878906,4746769.5,0.9547925591468811,91761.28482714071,286049.9127158873,11.426945753744683,12.56392159456077
Canada,CAN,2007,1555354.125,32.930794,16.98324203491211,3.609095335006714,4984728.5,0.9389939904212952,91581.69693411245,293508.65339803754,11.424986715566742,12.58966240128427
Canada,CAN,2008,1620558.5,33.337638,17.258270263671875,3.6243484020233154,5207502.5,0.945368230342865,93900.40109704537,301739.53822948475,11.449989936721261,12.617319468033926
Canada,CAN,2009,1457230.625,33.746093,16.97176742553711,3.6396656036376953,5555046.0,0.864663302898407,85862.0430307884,327310.9901118149,11.360497136403312,12.698666038024577
Canada,CAN,2010,1558715.625,34.147563999999996,17.295398712158203,3.65504789352417,5941241.0,0.8594292998313904,90123.13916210932,343515.700266769,11.408932227074335,12.746988096344616
Canada,CAN,2011,1649477.125,34.539159,17.594886779785156,3.662325143814087,6358923.0,0.8781705498695374,93747.52708810219,361407.4406722409,11.448360565757849,12.797761245396064
Canada,CAN,2012,1661054.375,34.92203,17.79371452331543,3.66961669921875,6781151.0,0.8512618541717529,93350.62517854212,381098.11142100394,11.444117846093047,12.850812131250104
Canada,CAN,2013,1723023.0,35.296527999999995,18.038745880126953,3.6769227981567383,7179643.5,0.8622586131095886,95517.8930647408,398012.3423053328,11.467068870853225,12.894238294603168
Canada,CAN,2014,1780581.875,35.664336999999996,18.14874839782715,3.6842434406280518,7604574.5,0.8731118440628052,98110.45015165782,419013.71561856323,11.493849165381116,12.945658932541706
Canada,CAN,2015,1691290.5,36.026676,18.355836868286133,3.6915786266326904,8006907.0,0.8283968567848206,92139.11150638343,436204.9552659594,11.43105479557803,12.985867492762994
Canada,CAN,2016,1711195.0,36.382943999999995,18.541105270385742,3.6989285945892334,8184791.5,0.8281673789024353,92291.96291405335,441440.32303580776,11.43271234101224,12.997798121228227
Canada,CAN,2017,1796296.5,36.732095,18.85181427001953,3.7062931060791016,8087273.5,0.8584073781967163,95285.07305828336,428991.7874303151,11.46462844629654,12.969193054207835
Canada,CAN,2018,1833635.0,37.074562,18.966228485107422,3.713672161102295,8248540.5,0.8549866676330566,96678.94707900407,434906.73469830246,11.479150943974126,12.982886884090806
Canada,CAN,2019,1866214.875,37.411046999999996,19.298662185668945,3.7210659980773926,8427519.0,0.8494088649749756,96701.77430152845,436689.28544996335,11.479387029789377,12.98697720390809
Mexico,MEX,1990,1039442.875,83.94313199999999,28.222749710083008,2.180863857269287,2771059.5,0.8722278475761414,36829.96468018292,98185.31250376347,10.514067050442803,11.494611915984821
Mexico,MEX,1991,1080070.625,85.51262299999999,29.140775680541992,2.2034668922424316,2924482.5,0.8720859289169312,37063.89414064875,100357.05748055116,10.52039857096918,11.516489680406758
Mexico,MEX,1992,1118539.625,87.075138,30.072704315185547,2.226304054260254,3093436.0,0.8445730209350586,37194.51411076393,102865.24176802866,10.523916559245693,11.54117507824853
Mexico,MEX,1993,1129728.75,88.62544,30.835588455200195,2.249377965927124,3279226.75,0.8015393614768982,36637.17174203885,106345.52198555441,10.508818625362192,11.574448713353116
Mexico,MEX,1994,1177160.25,90.15639999999999,31.70289421081543,2.272691011428833,3504144.5,0.7976087331771851,37131.00268297941,110530.74450232883,10.522207551465257,11.613048992031242
Mexico,MEX,1995,1116871.375,91.663285,32.004947662353516,2.296245813369751,3554791.75,0.7411594390869141,34896.83491386374,111070.06915000826,10.460151413930747,11.6179165347414
Mexico,MEX,1996,1144139.0,93.147044,33.091346740722656,2.32004451751709,3642623.25,0.7254204154014587,34575.17184067964,110077.81818433333,10.450891126605342,11.608942832697611
Mexico,MEX,1997,1230294.75,94.611002,33.926212310791016,2.344089984893799,3831850.0,0.7408900260925293,36263.84044082269,112946.59023227275,10.498576392677812,11.634670333147183
Mexico,MEX,1998,1327062.875,96.056321,35.243160247802734,2.368384838104248,4065955.25,0.7552770376205444,37654.480065610376,115368.63384019303,10.536207218595491,11.655887792299634
Mexico,MEX,1999,1370623.0,97.484832,36.636566162109375,2.3929312229156494,4291318.0,0.7203131914138794,37411.33909589865,117132.10187362506,10.529729121833842,11.671057652696094
Mexico,MEX,2000,1468585.75,98.899845,37.87933349609375,2.417732000350952,4245080.5,0.7570279836654663,38770.10534389275,112068.5109318982,10.565404747810954,11.626865668011234
Mexico,MEX,2001,1469006.75,100.298153,38.76219940185547,2.437087297439575,4195834.5,0.7533801794052124,37897.92046551625,108245.5217904677,10.542651520581419,11.592157275867834
Mexico,MEX,2002,1450549.75,101.684758,39.60875701904297,2.4565975666046143,4139970.5,0.7245290875434875,36621.94573040021,104521.59602003159,10.50840294981536,11.557148989514438
Mexico,MEX,2003,1466690.375,103.08102,40.27932357788086,2.4762637615203857,4383813.0,0.7064332962036133,36412.98424895655,108835.31823775073,10.502680700155066,11.597591176883352
Mexico,MEX,2004,1556657.875,104.514932,41.62960433959961,2.4960875511169434,4685785.0,0.7089965343475342,37393.049962746096,112558.96072840426,10.529240136261015,11.631232458700197
Mexico,MEX,2005,1657727.125,106.005203,42.07913589477539,2.5160701274871826,5090227.0,0.7131288647651672,39395.4649911389,120967.95458748976,10.581405986913566,11.703280951383151
Mexico,MEX,2006,1719215.625,107.560153,43.37845993041992,2.53621244430542,5222048.0,0.7268359661102295,39632.9336670242,120383.43473641732,10.58741570986465,11.698437217145436
Mexico,MEX,2007,1774017.0,109.170502,44.23125076293945,2.556516170501709,5367197.0,0.7387349009513855,40107.773788898055,121344.00242864204,10.599325454578496,11.70638478618916
Mexico,MEX,2008,1824207.875,110.815271,44.94352722167969,2.5714151859283447,5541864.0,0.7331355810165405,40588.88983061493,123307.2778793102,10.611249658648726,11.722434713195643
Mexico,MEX,2009,1766855.0,112.463887,45.43535232543945,2.585256814956665,6312220.5,0.6885883808135986,38887.230087808304,138927.51298124655,10.568421200334702,11.84170758674642
Mexico,MEX,2010,1925128.875,114.092963,46.121620178222656,2.599172830581665,7250142.5,0.6545701026916504,41740.269911614945,157196.17983895793,10.639221647108007,11.96524985740307
Mexico,MEX,2011,2105667.0,115.69547299999999,47.13888931274414,2.618360757827759,8412004.0,0.6593456864356995,44669.42328721196,178451.4680477588,10.707044503745966,12.092071955546047
Mexico,MEX,2012,2212091.25,117.274155,48.70673370361328,2.637690305709839,8657770.0,0.6653966903686523,45416.5385726922,177753.04032258948,10.723631603435617,12.08815045200635
Mexico,MEX,2013,2223324.0,118.82716099999999,49.22731018066406,2.657162666320801,8908719.0,0.6554238796234131,45164.44209200967,180971.07006872873,10.718065376845404,12.10609246359874
Mexico,MEX,2014,2243083.0,120.355128,49.415409088134766,2.676778793334961,9234382.0,0.6474144458770752,45392.379449886845,186872.51953191432,10.723099516413738,12.138181949631178
Mexico,MEX,2015,2256618.5,121.85825799999999,50.611331939697266,2.6965396404266357,9640361.0,0.626861572265625,44587.218188383806,190478.31049944236,10.705202509229652,12.157293611420874
Mexico,MEX,2016,2332703.5,123.333376,51.59475326538086,2.7164463996887207,9771858.0,0.6346129179000854,45212.029370536824,189396.3510153413,10.719118466928583,12.151597193526037
Mexico,MEX,2017,2363270.5,124.777324,52.34075164794922,2.7365002632141113,9992445.0,0.6221978664398193,45151.63473187524,190911.37756695776,10.717781764875737,12.159564607555232
Mexico,MEX,2018,2422897.0,126.190788,53.721195220947266,2.756701946258545,10183529.0,0.6153634190559387,45101.32341685597,189562.5917874065,10.716666869114697,12.152474548637382
Mexico,MEX,2019,2390322.5,127.57552899999999,54.993595123291016,2.777052879333496,10357724.0,0.592694103717804,43465.470745113096,188344.18766001484,10.6797221258954,12.146026353392715
Brazil,BRA,1990,954572.0,149.003223,61.63193130493164,1.7166913747787476,3135506.0,0.6113215684890747,15488.270118895616,50874.6997475496,9.647838249892143,10.837121020959414
Brazil,BRA,1991,1041851.125,151.648011,61.448883056640625,1.7446271181106567,3337222.0,0.6461644172668457,16954.760984665445,54308.91228606888,9.738303957419115,10.902443622952596
Brazil,BRA,1992,1071128.5,154.25938,61.269615173339844,1.7730175256729126,3546791.75,0.6274257898330688,17482.213605710363,57888.2654961298,9.76893927767409,10.966269974560433
Brazil,BRA,1993,1155152.375,156.849078,61.982177734375,1.8018697500228882,3777885.75,0.6469814777374268,18636.84719098468,60951.161899960214,9.832895931818886,11.017828197893595
Brazil,BRA,1994,1300092.75,159.432716,62.45842361450195,1.8311915397644043,4034130.75,0.6931501626968384,20815.33081949473,64589.05807323854,9.943445052824648,11.075800295753107
Brazil,BRA,1995,1513901.75,162.019896,62.93206024169922,1.8609905242919922,4294697.5,0.7693663835525513,24056.12885047228,68243.3958701753,10.088145080925731,11.130835944558331
Brazil,BRA,1996,1817952.625,164.614688,61.78388977050781,1.8964483737945557,4514509.5,0.8835272789001465,29424.379587505176,73069.36349862153,10.289578847369413,11.199164453903222
Brazil,BRA,1997,1761591.875,167.20904,62.79587173461914,1.9325817823410034,4714347.0,0.8209696412086487,28052.670125269407,75074.15487316178,10.241839098052115,11.226231635687427
Brazil,BRA,1998,1687990.125,169.78525,62.611366271972656,1.969403862953186,4882688.0,0.7547860145568848,26959.803395244093,77984.05131091486,10.202102272538381,11.264259614391925
Brazil,BRA,1999,1630691.75,172.31867499999998,65.88960266113281,2.006927251815796,4974180.5,0.6932846903800964,24748.847832435302,75492.64677739795,10.11653421468841,11.231790536817195
Brazil,BRA,2000,1653572.375,174.79034,68.13045501708984,2.045165777206421,5062075.5,0.6682460904121399,24270.67857663974,74299.74596133592,10.097024257812267,11.215862811606277
Brazil,BRA,2001,1645849.75,177.196054,68.45639038085938,2.0859029293060303,5172151.0,0.6522585153579712,24042.30986827177,75553.95444055066,10.087570468404042,11.232602308363527
Brazil,BRA,2002,1657569.0,179.53752,71.25364685058594,2.1274518966674805,5286129.5,0.6292266249656677,23262.935628765917,74187.49402517818,10.054616627428187,11.214350870815249
Brazil,BRA,2003,1651363.0,181.809246,72.30458068847656,2.169828176498413,5422354.5,0.6026086211204529,22838.98176679674,74993.23622886564,10.036224081637682,11.225153204836536
Brazil,BRA,2004,1738794.25,184.00648099999998,76.1592788696289,2.2130486965179443,5621436.5,0.5951642394065857,22831.02303235441,73811.57730790619,10.035875549398288,11.20927087237598
Brazil,BRA,2005,1802951.5,186.127103,78.41477966308594,2.2571301460266113,5873957.0,0.5924561023712158,22992.4959012382,74908.79940283997,10.042923176511673,11.224026644618725
Brazil,BRA,2006,1967472.0,188.16735599999998,80.87911987304688,2.2988085746765137,6341264.5,0.606076717376709,24326.080737380325,78404.2223747447,10.099304335147647,11.269633061708996
Brazil,BRA,2007,2191638.75,190.13044299999999,81.3537826538086,2.3412563800811768,7198622.0,0.6298295855522156,26939.604754781467,88485.40000448271,10.201352778542011,11.390592845685934
Brazil,BRA,2008,2439878.75,192.030362,82.75995635986328,2.384488344192505,8504678.0,0.6401033401489258,29481.392418704636,102763.20063557425,10.291514577844042,11.54018259744541
Brazil,BRA,2009,2531593.25,193.886508,83.15142822265625,2.428518533706665,10118052.0,0.6077969074249268,30445.57747367973,121682.23945482558,10.323696023630228,11.709168331224905
Brazil,BRA,2010,2938155.5,195.71363499999998,86.35382843017578,2.4733617305755615,11923873.0,0.6219223737716675,34024.6119183441,138081.57920457967,10.434839421674873,11.835599943133225
Brazil,BRA,2011,3280995.75,197.514536,88.6289291381836,2.5608959197998047,13090676.0,0.6418208479881287,37019.467366964534,147702.0666648245,10.51919919831368,11.902952460735897
Brazil,BRA,2012,3271619.0,199.287299,89.50627136230469,2.6218743324279785,13095177.0,0.6265639662742615,36551.8410073982,146304.57509500274,10.506486833468879,11.893445858528844
Brazil,BRA,2013,3306056.0,201.035912,91.148193359375,2.684304714202881,13133923.0,0.6181328892707825,36271.21809167441,144094.1670474604,10.498779815712863,11.87822230266355
Brazil,BRA,2014,3297538.25,202.763739,92.83358764648438,2.7482216358184814,13214635.0,0.6005054116249084,35520.96104006251,142347.5633659887,10.477878253048157,11.86602697535553
Brazil,BRA,2015,3082939.0,204.471769,92.44722747802734,2.8136603832244873,12895949.0,0.5591862201690674,33348.09581750568,139495.24882252506,10.414755952787312,11.845785821043657
Brazil,BRA,2016,2931514.0,206.163053,90.62647247314453,2.880657434463501,12480113.0,0.5388879776000977,32347.215112766302,137709.35422536996,10.384283210064728,11.832900614329375
Brazil,BRA,2017,2968825.5,207.833823,90.50138854980469,2.9492499828338623,12429477.0,0.539283812046051,32804.19833963318,137340.18006983193,10.398311784340718,11.830216193298257
Brazil,BRA,2018,3042121.5,209.469323,92.0909423828125,3.0194754600524902,12543270.0,0.5332464575767517,33033.883911777295,136205.25184614712,10.405289098870625,11.821918231764323
Brazil,BRA,2019,3080048.5,211.04952699999998,93.95682525634766,3.0913732051849365,12706970.0,0.5207929611206055,32781.53015064666,135242.64964605673,10.397620530605767,11.814825848807189
United Kingdom,GBR,1990,1445536.75,57.134391,26.703500747680664,3.1971662044525146,4052509.5,0.8508840203285217,54132.855600423565,151759.48420740233,10.899196592887336,11.930052205864337
United Kingdom,GBR,1991,1401682.75,57.290785,25.989843368530273,3.227114200592041,4235582.5,0.8452340960502625,53931.942956502135,162970.68204453448,10.895478215060425,12.001325598853837
United Kingdom,GBR,1992,1399794.875,57.446037,25.371501922607422,3.25734281539917,4437697.5,0.8195178508758545,55171.93579118408,174908.74263323625,10.918209693401216,12.072019646225314
United Kingdom,GBR,1993,1438639.75,57.602284,25.143829345703125,3.2878546714782715,4638598.0,0.8343781232833862,57216.41402429625,184482.55976541212,10.9545960946699,12.125310210978023
United Kingdom,GBR,1994,1479402.125,57.763377999999996,25.350570678710938,3.3186521530151367,4939055.5,0.8320370316505432,58357.744436987436,194830.15047656308,10.974347352763496,12.179883434787646
United Kingdom,GBR,1995,1626361.0,57.932452999999995,25.66979217529297,3.349738359451294,5152430.5,0.863714873790741,63356.99910984723,200719.60321358524,11.05654066283269,12.209664204222813
United Kingdom,GBR,1996,1724950.0,58.113557,25.9245548248291,3.381115436553955,5453878.0,0.8332551717758179,66537.30456146304,210374.99146471662,11.105518040207686,12.256646890921349
United Kingdom,GBR,1997,1829166.375,58.307313,26.40801429748535,3.4127864837646484,6110673.5,0.8442774415016174,69265.57803227857,231394.66039223844,11.145703352286041,12.351880018247465
United Kingdom,GBR,1998,1879454.625,58.509974,26.690898895263672,3.4447546005249023,6148160.5,0.8640184998512268,70415.5612133959,230346.70072842686,11.162169557683411,12.347340847398138
United Kingdom,GBR,1999,1958917.875,58.715854,27.067028045654297,3.4770219326019287,6006644.0,0.8922541737556458,72372.84683401031,221917.38191088132,11.18958646429818,12.310060438033508
United Kingdom,GBR,2000,2075158.75,58.923308999999996,27.380348205566406,3.5095913410186768,5987333.0,0.9317963123321533,75790.07887044043,218672.63904199653,11.235722677449951,12.29533109157719
United Kingdom,GBR,2001,2121908.25,59.124288,27.595714569091797,3.5284812450408936,5899284.0,0.9817264080047607,76892.67276219092,213775.36665085718,11.250165868277731,12.272681054147734
United Kingdom,GBR,2002,2123617.0,59.326294,27.803613662719727,3.5474727153778076,5825548.5,0.9854024052619934,76379.17235367993,209524.8686256616,11.243465324817159,12.252597715956584
United Kingdom,GBR,2003,2166739.25,59.561431999999996,28.0600528717041,3.5665664672851562,5956338.0,0.9763892889022827,77217.93183736125,212271.0896958573,11.254386986726608,12.265619461762117
United Kingdom,GBR,2004,2220801.25,59.872752999999996,28.353534698486328,3.5857629776000977,6250317.5,0.968483567237854,78325.3754290663,220442.26818512604,11.268626909030306,12.30339111729792
United Kingdom,GBR,2005,2377112.25,60.287954,28.67258644104004,3.60506272315979,6797018.0,0.9739524722099304,82905.40007222924,237056.32604776803,11.325455478594527,12.376053054528786
United Kingdom,GBR,2006,2415816.25,60.821355999999994,29.001075744628906,3.62446665763855,7366976.0,0.9641351103782654,83300.91860290448,254024.2322343642,11.330214855740042,12.445184943947641
United Kingdom,GBR,2007,2412173.5,61.455161999999994,29.31574249267578,3.643974781036377,7667142.0,0.9488338232040405,82282.53132604966,261536.68125293267,11.317914108073076,12.474329825127604
United Kingdom,GBR,2008,2496842.75,62.145097,29.663253784179688,3.663587808609009,8823651.0,0.9176313281059265,84172.92209972063,297460.6583687026,11.34062855824458,12.603037254445768
United Kingdom,GBR,2009,2321851.75,62.828616,29.288875579833984,3.6833064556121826,9774453.0,0.8464430570602417,79274.1853018982,333725.7851827511,11.280667822493422,12.718074932304898
United Kingdom,GBR,2010,2481864.75,63.459807999999995,29.42511749267578,3.7031314373016357,10976813.0,0.8309268951416016,84345.109263124,373042.28276173386,11.34267210482453,12.829447050811897
United Kingdom,GBR,2011,2517183.5,64.021919,29.605070114135742,3.710895299911499,10501493.0,0.8466700315475464,85025.41930471911,354719.4098684393,11.350705541409477,12.779082361194153
United Kingdom,GBR,2012,2585394.25,64.525312,29.953094482421875,3.7186756134033203,11539438.0,0.8185041546821594,86314.76295436693,385250.2787907933,11.365755927961377,12.86164847684412
United Kingdom,GBR,2013,2685292.0,64.98401799999999,30.31403923034668,3.7264721393585205,12954237.0,0.8046185374259949,88582.4544725078,427334.572656745,11.39168908619815,12.965322527923226
United Kingdom,GBR,2014,2700870.5,65.423047,31.011104583740234,3.7342848777770996,12899374.0,0.7888423204421997,87093.65681273161,415959.8367471054,11.374739333698738,12.938343988301511
United Kingdom,GBR,2015,2807567.5,65.860146,31.506929397583008,3.742114305496216,13923109.0,0.7875267863273621,89109.5245928782,441906.249393763,11.397621505533372,12.99885303311832
United Kingdom,GBR,2016,2827233.5,66.297944,31.938474655151367,3.74996018409729,13473861.0,0.7988529205322266,88521.24375150754,421869.2703856725,11.390997844580372,12.952450759208668
United Kingdom,GBR,2017,2942276.25,66.72746099999999,32.243064880371094,3.757822275161743,13706323.0,0.8128301501274109,91252.99536245999,425093.6767597464,11.421391096795952,12.960064839523822
United Kingdom,GBR,2018,2974124.5,67.141684,32.631744384765625,3.7657008171081543,13915238.0,0.7993321418762207,91142.0629228909,426432.5509517178,11.420174699221478,12.963209487925065
United Kingdom,GBR,2019,2989895.5,67.530172,32.98249816894531,3.7735960483551025,14146595.0,0.7871400117874146,90650.97145416164,428912.17419424385,11.414771932663486,12.969007454793774
France,FRA,1990,1581094.75,58.235696999999995,23.659503936767578,2.8011343479156494,6432617.0,1.0209871530532837,66827.0456652699,271883.0038529895,11.10986315281347,12.513127119851026
France,FRA,1991,1586835.25,58.512369,23.685340881347656,2.810061454772949,6642135.5,1.0224605798721313,66996.51307318282,280432.3371689668,11.112395853334945,12.544087752632109
France,FRA,1992,1615930.0,58.773365,23.526134490966797,2.819016933441162,6828187.5,0.9957281351089478,68686.59195247141,290238.39435338526,11.137309291076374,12.57845791375946
France,FRA,1993,1612599.0,59.022518999999996,23.282968521118164,2.828001022338867,6987828.5,0.9886645078659058,69260.88477667,300126.18423900224,11.145635592588505,12.611958279335019
France,FRA,1994,1645412.25,59.265653,23.411144256591797,2.8370134830474854,7139609.5,0.9960854053497314,70283.29038366875,304966.27681877295,11.160289359413245,12.627956481669177
France,FRA,1995,1682645.0,59.508483999999996,23.65852165222168,2.846054792404175,7275160.5,1.0080455541610718,71122.15313935262,307506.97811740986,11.172154144467319,12.636253059035974
France,FRA,1996,1720381.5,59.748767,23.806283950805664,2.8551251888275146,7368295.0,1.0074114799499512,72265.85650893986,309510.5063531194,11.188107049147026,12.642747316744261
France,FRA,1997,1819024.125,59.988873,24.00385284423828,2.8642241954803467,7246787.0,1.0582866668701172,75780.50643801651,301900.9926041714,11.23559636755391,12.617854403547
France,FRA,1998,1921072.875,60.244336999999994,24.439313888549805,2.873352289199829,7124163.0,1.1052285432815552,78605.84318204007,291504.2145818087,11.272201316392586,12.582809742924798
France,FRA,1999,2011288.125,60.535179,25.020395278930664,2.882509469985962,7006717.5,1.1299272775650024,80385.94524898168,280040.2400476967,11.294594629549902,12.542688586281512
France,FRA,2000,2128715.25,60.874356999999996,25.625225067138672,2.891695737838745,6962127.0,1.1732499599456787,83071.08501184742,271690.3746897469,11.327451966164062,12.512418368543804
France,FRA,2001,2185648.25,61.269223,25.97429084777832,2.907761812210083,6877291.5,1.211199402809143,84146.59952831578,264773.02269017446,11.340315789156778,12.486628219796815
France,FRA,2002,2197271.75,61.712083,26.102304458618164,2.923917293548584,6834510.5,1.2286947965621948,84179.22461533964,261835.52148950048,11.340703431250299,12.475471805032074
France,FRA,2003,2144133.75,62.182111,26.12419891357422,2.940162420272827,6823245.5,1.1663955450057983,82074.62196614577,261184.8701111604,11.315384136402997,12.472983750170583
France,FRA,2004,2188098.25,62.649663999999994,26.165403366088867,2.95649790763855,7761343.0,1.0918102264404297,83625.62653384659,296626.15520993376,11.33410528958598,12.600227888243532
France,FRA,2005,2372596.75,63.092887999999995,26.334571838378906,2.972923994064331,8548550.0,1.1081444025039673,90094.37345559105,324613.2138568397,11.408612993872802,12.690389641357426
France,FRA,2006,2432615.5,63.503046999999995,26.609586715698242,2.989441156387329,9794697.0,1.0764082670211792,91418.76294399139,368089.03139490134,11.423206020225503,12.816080121028284
France,FRA,2007,2546277.75,63.884679,26.99143409729004,3.0060503482818604,10812035.0,1.0601149797439575,94336.51212536529,400572.8247349976,11.454623584831554,12.900650863504968
France,FRA,2008,2568574.25,64.245428,27.131742477416992,3.022751808166504,11633671.0,1.025261640548706,94670.44927681824,428784.51355209656,11.458157184826456,12.968709772303182
France,FRA,2009,2487517.5,64.598474,26.832876205444336,3.039546251296997,12120916.0,1.0046900510787964,92704.0948184037,451718.8506814149,11.437167923376672,13.020815253518013
France,FRA,2010,2591608.5,64.952503,26.876161575317383,3.05643367767334,13083475.0,0.9738234281539917,96427.77644185953,486805.9363066058,11.476549576458726,13.09562083457047
France,FRA,2011,2665867.25,65.310392,27.0983829498291,3.075263261795044,13734435.0,0.9617089033126831,98377.3553918579,506835.96233134705,11.496565928425278,13.135942684523577
France,FRA,2012,2701083.0,65.665818,27.208675384521484,3.0942089557647705,13871869.0,0.9644427299499512,99272.85918286917,509832.57376400806,11.5056274912529,13.141837664065383
France,FRA,2013,2675257.0,66.007876,27.215930938720703,3.113271474838257,14650625.0,0.9435348510742188,98297.4643058729,538310.6325845439,11.495753510338387,13.196191056508063
France,FRA,2014,2680612.5,66.32139,27.31221580505371,3.132451295852661,15092760.0,0.9311797022819519,98147.01667317645,552601.0817916617,11.494221803656064,13.222391649109172
France,FRA,2015,2730343.75,66.59631499999999,27.38507652282715,3.1517491340637207,15219803.0,0.9407541155815125,99701.88499287523,555769.9642472555,11.5099398624199,13.22810975425321
France,FRA,2016,2765765.25,66.828164,27.584110260009766,3.171165943145752,15654266.0,0.934198260307312,100266.61088321146,567510.2750257951,11.515588026038607,13.249014133946114
France,FRA,2017,2869816.5,67.02241099999999,27.881641387939453,3.190702438354492,16207717.0,0.9428341388702393,102928.53494778016,581304.263062893,11.541790190938109,13.273029587333449
France,FRA,2018,2902140.75,67.19102699999999,28.182064056396484,3.2103593349456787,16414001.0,0.9262481927871704,102978.28946071467,582427.2121145262,11.54227346305933,13.274959498870821
France,FRA,2019,2946958.25,67.351247,28.532564163208008,3.230137348175049,16697563.0,0.9086601734161377,103284.03129642394,585210.7404188744,11.545238057450712,13.279727301375395
Germany,DEU,1990,2221450.25,79.053984,39.5477294921875,3.4302666187286377,9037278.0,0.844700276851654,56171.372630604215,228515.72305270468,10.936162522304704,12.33936029680777
Germany,DEU,1991,2344616.25,79.49083499999999,38.64250183105469,3.4436352252960205,9599782.0,0.9029870629310608,60674.54587310832,248425.47829771272,11.013279545986789,12.42289819341808
Germany,DEU,1992,2428830.0,79.96315899999999,38.07052230834961,3.4570555686950684,10178882.0,0.8859407305717468,63798.17908269964,267369.11875169026,11.063479927902062,12.496385449889173
Germany,DEU,1993,2454800.0,80.428556,37.5483283996582,3.4705281257629395,10686260.0,0.8934074640274048,65377.07814503789,284600.1528019361,11.087926988931407,12.558840501538434
Germany,DEU,1994,2551067.0,80.832937,37.62234115600586,3.484053373336792,11144825.0,0.9063427448272705,67807.23691334555,296228.9070152906,11.124424207367161,12.598887768948256
Germany,DEU,1995,2642739.75,81.13865899999999,37.81583023071289,3.497631549835205,11489487.0,0.9259399175643921,69884.48313515131,303827.44289635035,11.15459891695764,12.624215197178495
Germany,DEU,1996,2678939.75,81.323664,37.80739974975586,3.5112621784210205,11756135.0,0.9220811128616333,70857.55084273679,310947.99107616267,11.16842681449638,12.647380945910307
Germany,DEU,1997,2767329.5,81.39925099999999,37.77033233642578,3.5249462127685547,11598417.0,0.9533687233924866,73267.27960323458,307077.4410108768,11.201869398079783,12.634855245609199
Germany,DEU,1998,2862586.0,81.402673,38.21792984008789,3.5386836528778076,11466787.0,0.9745524525642395,74901.64987945922,300036.84260187624,11.223931197025843,12.611660554770891
Germany,DEU,1999,2978213.0,81.389927,38.807254791259766,3.5524744987487793,11298718.0,0.9966232776641846,76743.71753476255,291149.63325220096,11.248226805874447,12.581592617612063
Germany,DEU,2000,3035471.75,81.400882,39.60311508178711,3.566318988800049,11159206.0,1.0112342834472656,76647.2976615915,281775.96577830706,11.246969628121931,12.548867586584867
Germany,DEU,2001,3076616.0,81.453885,39.451438903808594,3.5749263763427734,10977366.0,1.0343120098114014,77984.88687577343,278250.0792116928,11.264270328895318,12.536275553815893
Germany,DEU,2002,3065723.0,81.535122,39.233551025390625,3.58355450630188,10721438.0,1.0397334098815918,78140.33957864196,273272.1795450391,11.266261714371847,12.518223572168473
Germany,DEU,2003,3140563.5,81.61438,38.8254508972168,3.592203378677368,10983600.0,1.0299420356750488,80889.29883426367,282896.90772882587,11.300836817835767,12.552837826614246
Germany,DEU,2004,3231047.25,81.646474,38.97291564941406,3.6008732318878174,11230304.0,1.0216546058654785,82904.94042235141,288156.6291068306,11.325449934309697,12.571259462350074
Germany,DEU,2005,3391866.5,81.602741,38.923667907714844,3.6095640659332275,11485836.0,1.0367770195007324,87141.49211327838,295086.167810086,11.37528842269764,12.595022686942208
Germany,DEU,2006,3470312.0,81.47222599999999,39.186344146728516,3.6182756423950195,12392154.0,1.0189151763916016,88559.21815533077,316236.5428527622,11.391426738925874,12.664245765874265
Germany,DEU,2007,3665398.5,81.27783,39.81446075439453,3.6270084381103516,13264774.0,1.029703140258789,92061.9903057567,333164.72830881923,11.430217436795978,12.716392326255024
Germany,DEU,2008,3750630.75,81.065752,40.3453254699707,3.6357622146606445,14136853.0,1.0109838247299194,92963.20469125028,350396.3057757993,11.439959045364702,12.766820095111513
Germany,DEU,2009,3498118.0,80.89996099999999,40.42920684814453,3.6445372104644775,14736058.0,0.9668653607368469,86524.52701185117,364490.40554641257,11.36818320199743,12.806255507852349
Germany,DEU,2010,3672402.0,80.827002,40.63188171386719,3.6533331871032715,15333157.0,0.9501263499259949,90382.27729302165,377367.6323429287,11.41180347951685,12.840975143381467
Germany,DEU,2011,3861188.25,80.855632,41.224578857421875,3.655776262283325,15976713.0,0.9631972312927246,93662.28490421195,387553.09193713276,11.447450878171457,12.867608129840992
Germany,DEU,2012,3830993.25,80.972628,41.677947998046875,3.6582205295562744,16828486.0,0.9394164681434631,91918.9507645513,403774.34130846895,11.42866249779856,12.908611439772262
Germany,DEU,2013,3839727.75,81.17436699999999,41.996150970458984,3.6606667041778564,17598588.0,0.9309695363044739,91430.46829936745,419052.4034542888,11.423334053089656,12.945751258993933
Germany,DEU,2014,3973957.75,81.450378,42.331260681152344,3.663114547729492,18351772.0,0.9323268532752991,93877.6139915288,433527.6508353785,11.4497472341278,12.97971085825593
Germany,DEU,2015,3931076.75,81.78741099999999,42.535579681396484,3.6655640602111816,18590536.0,0.930548906326294,92418.55358372629,437058.484667386,11.43408303383356,12.987822297313814
Germany,DEU,2016,4048522.75,82.19376799999999,42.92736053466797,3.6680150032043457,18847752.0,0.9511167407035828,94311.01049714969,439061.5161344157,11.454353222114712,12.992394810109143
Germany,DEU,2017,4236518.5,82.65840899999999,43.59321975708008,3.6704676151275635,19098608.0,0.9643374085426331,97182.96844343407,438109.59838308685,11.484350753320031,12.990224382676544
Germany,DEU,2018,4263030.5,83.12441799999999,44.3060302734375,3.672922134399414,19315682.0,0.9437330961227417,96217.83928035156,435960.56520505296,11.474370058966713,12.985307071463213
Germany,DEU,2019,4275312.0,83.517045,44.795196533203125,3.67537784576416,19606062.0,0.9274857044219971,95441.30466825947,437682.24089535093,11.466266726714611,12.989248448664627
Japan,JPN,1990,3658643.5,124.50524,65.10401916503906,3.177961826324463,14091262.0,0.7433815002441406,56196.89148108226,216442.27469702862,10.936616722627518,12.285079161297771
Japan,JPN,1991,3886576.0,124.929772,66.39091491699219,3.194382429122925,15636018.0,0.7544173002243042,58540.78084116392,235514.42271204633,10.977478898748718,12.369527433501963
Japan,JPN,1992,4028564.75,125.33129699999999,67.11811065673828,3.2108876705169678,17246230.0,0.7323319315910339,60022.022529854316,256953.44864819397,11.00246681602498,12.456650213806059
Japan,JPN,1993,4149531.25,125.707411,67.35606384277344,3.227478265762329,18815982.0,0.7351606488227844,61605.90469903474,279350.97341675713,11.028513000431577,12.54022423945884
Japan,JPN,1994,4282784.5,126.053129,67.43040466308594,3.244154930114746,20316632.0,0.7331609725952148,63514.14501216193,301297.7914267527,11.059017916171365,12.615854394944673
Japan,JPN,1995,4521830.0,126.365484,67.65757751464844,3.2609176635742188,21685722.0,0.7437896132469177,66834.0512047004,320521.7035047531,11.109967978220427,12.67770527069366
Japan,JPN,1996,4756702.5,126.644094,67.7258529663086,3.277766704559326,22711292.0,0.7465106248855591,70234.66359835002,335341.54248744756,11.15959725159525,12.722904821252937
Japan,JPN,1997,4777019.5,126.892738,68.18427276611328,3.2947030067443848,22562694.0,0.7471846342086792,70060.4304512597,330907.5991379257,11.157113440769995,12.709594458704716
Japan,JPN,1998,4719694.5,127.11743399999999,67.3421859741211,3.3117268085479736,22353710.0,0.7353020906448364,70085.25832252803,331942.15003044746,11.157467755936525,12.71271598581963
Japan,JPN,1999,4719478.0,127.32606999999999,66.42337799072266,3.328838586807251,22069982.0,0.728718101978302,71051.4602352679,332262.26469666313,11.171159685534573,12.713679889954872
Japan,JPN,2000,4835114.0,127.52417399999999,65.9155044555664,3.346038818359375,22044038.0,0.7434718608856201,73353.21241847351,334428.72328861366,11.203041578365,12.720179051505754
Japan,JPN,2001,4785269.0,127.71382799999999,65.6163330078125,3.360867738723755,21981310.0,0.7440893054008484,72928.0162521464,334997.53784446977,11.197228154897328,12.721878461062193
Japan,JPN,2002,4781225.0,127.89307799999999,64.80487060546875,3.375762701034546,21793576.0,0.7435768246650696,73778.79093545358,336295.3400937874,11.20882658358692,12.725745041235653
Japan,JPN,2003,4860082.5,128.058372,64.80374145507812,3.390723466873169,22347352.0,0.7353014349937439,74996.9429368365,344846.6322811185,11.225202630845521,12.75085505306177
Japan,JPN,2004,4987367.0,128.204195,65.1968002319336,3.4057505130767822,23027874.0,0.7295172810554504,76497.11308312294,353205.58552075806,11.245008281627033,12.774805561632082
Japan,JPN,2005,5110410.0,128.32611599999998,65.77252960205078,3.420844316482544,23883890.0,0.7363932728767395,77698.2431863265,363128.6518020025,11.260587925885536,12.802512463135344
Japan,JPN,2006,5169780.0,128.422734,66.28520202636719,3.436004638671875,24946208.0,0.7222424745559692,77992.97342329205,376346.5635976609,11.264374017297124,12.838265709552546
Japan,JPN,2007,5270966.5,128.494057,66.8418960571289,3.451232671737671,25865040.0,0.7206791639328003,78857.22594546051,386958.5024621905,11.275394229859566,12.866072737482632
Japan,JPN,2008,5180551.0,128.538646,66.79753875732422,3.4665279388427734,26688098.0,0.7081769704818726,77556.01623019326,399537.1460759653,11.258755744321508,12.898062021282646
Japan,JPN,2009,4892599.5,128.55518899999998,66.09548950195312,3.481890916824341,26552734.0,0.6881282329559326,74023.1979045321,401732.9200537257,11.21213380825647,12.903542768828503
Japan,JPN,2010,5114662.0,128.542353,66.01461791992188,3.4973220825195312,26394024.0,0.6933405995368958,77477.71874108656,399820.90075893357,11.257745673890346,12.89877197771834
Japan,JPN,2011,5032318.5,128.498965,66.0097427368164,3.5079329013824463,26201022.0,0.6839182376861572,76235.9962538267,396926.5886168435,11.241589021915368,12.89150662724757
Japan,JPN,2012,5038807.5,128.42357099999998,65.83451843261719,3.51857590675354,25568170.0,0.6878966689109802,76537.47031137336,388370.27457213774,11.245535707889657,12.869714479443054
Japan,JPN,2013,5089779.0,128.31419499999998,66.26765441894531,3.5292513370513916,24848968.0,0.7033358216285706,76806.38532672856,374978.83723036846,11.249043057954747,12.834624869307737
Japan,JPN,2014,5020598.0,128.16863899999998,66.69282531738281,3.539958953857422,24350860.0,0.6908746957778931,75279.43187453227,365119.6344451941,11.228962227399384,12.80798034446449
Japan,JPN,2015,5154499.5,127.98513299999999,66.9830322265625,3.550699234008789,24336802.0,0.699093222618103,76952.31655929655,363327.8636548362,11.250941243548086,12.8030609112629
Japan,JPN,2016,5042444.5,127.76326499999999,67.6209945678711,3.561472177505493,24444186.0,0.6785488724708557,74569.21525960263,361488.1170590504,11.219483036942206,12.79798444883474
Japan,JPN,2017,5048890.0,127.502725,68.25326538085938,3.572277784347534,23601760.0,0.6765821576118469,73972.87106817144,345796.7888906128,11.211453697782591,12.753606566157595
Japan,JPN,2018,5005677.0,127.202192,69.36460876464844,3.583116054534912,23701634.0,0.6564049124717712,72164.71179105295,341696.3552756244,11.186706449043989,12.741677771601148
Japan,JPN,2019,5036891.0,126.86030099999999,69.97669219970703,3.593987226486206,23884014.0,0.6563727855682373,71979.55264340271,341313.8467854014,11.184137366601243,12.74055770478792
Republic of Korea,KOR,1990,593101.8125,42.918419,18.206083297729492,2.8466084003448486,1703954.625,0.597137451171875,32577.122866067883,93592.59743761047,10.391365568436601,11.44670657213311
Republic of Korea,KOR,1991,674589.0625,43.373151,18.78565788269043,2.8794102668762207,2051665.25,0.6142315864562988,35909.7917524402,109214.44768194438,10.488765288050994,11.601068638321147
Republic of Korea,KOR,1992,729249.875,43.848217999999996,19.158023834228516,2.912590265274048,2441262.75,0.5899616479873657,38064.98422332538,127427.6914531414,10.547050089273535,11.755304356846207
Republic of Korea,KOR,1993,800354.3125,44.335028,19.40176010131836,2.946152448654175,2893916.75,0.5907890200614929,41251.634301241334,149157.4339074194,10.62744601040203,11.912757630520607
Republic of Korea,KOR,1994,903958.75,44.820073,20.037492752075195,2.9801013469696045,3413991.75,0.5954443216323853,45113.366287125966,170380.18639564712,10.716933851584649,12.045787609595806
Republic of Korea,KOR,1995,1015576.5,45.292522,20.617839813232422,3.0144412517547607,3966521.25,0.6054686903953552,49257.17287551183,192382.969599672,10.80481027813782,12.167243297701786
Republic of Korea,KOR,1996,1136406.375,45.751022,21.072547912597656,3.0491771697998047,4478995.0,0.617364764213562,53928.28526068411,212551.18358622183,10.895410392177423,12.26693810227871
Republic of Korea,KOR,1997,1116091.125,46.196054,21.443801879882812,3.08431339263916,4308283.0,0.6107785701751709,52047.2596814581,200910.40871076842,10.859907424846567,12.210614359867924
Republic of Korea,KOR,1998,982705.8125,46.620691,20.19291114807129,3.119854211807251,3722071.5,0.5967004299163818,48665.88107549131,184325.65134896417,10.79273346960765,12.124459316550043
Republic of Korea,KOR,1999,1092839.625,47.016957,20.578386306762695,3.1558046340942383,3534997.25,0.6611734628677368,53106.18669068619,171782.04341699477,10.88004871062566,12.053981762796063
Republic of Korea,KOR,2000,1176636.375,47.379241,21.441123962402344,3.192169427871704,3730456.0,0.671153724193573,54877.55105857638,173986.02827638452,10.912859637835892,12.06673027771051
Republic of Korea,KOR,2001,1212755.0,47.706224,21.845386505126953,3.218729019165039,3904355.0,0.6652256846427917,55515.383063393056,178726.75308737048,10.924415433642764,12.093613399440606
Republic of Korea,KOR,2002,1308658.75,47.999547,22.457611083984375,3.245509624481201,4093876.0,0.6882112622261047,58272.39349305807,182293.47657193796,10.972883735199794,12.11337317599982
Republic of Korea,KOR,2003,1361777.5,48.260897,22.43303871154785,3.272512912750244,4533371.5,0.6805465817451477,60704.103332153485,202084.59309912202,11.013766574963022,12.216441666438852
Republic of Korea,KOR,2004,1449575.5,48.493441,22.875492095947266,3.29974102973938,5070356.5,0.6768274903297424,63368.05756658734,221650.16073679522,11.056715189592563,12.308855565355861
Republic of Korea,KOR,2005,1562740.5,48.701073,23.075504302978516,3.327195644378662,5724578.0,0.6855692267417908,67722.91861887007,248080.29869410433,11.123179933647812,12.421507757796922
Republic of Korea,KOR,2006,1618417.375,48.880451,23.399885177612305,3.3548786640167236,6221793.0,0.6796789765357971,69163.47506475847,265889.89444925403,11.144228185278084,12.490837571428997
Republic of Korea,KOR,2007,1716586.625,49.03481,23.730854034423828,3.3827919960021973,6731400.0,0.6920544505119324,72335.644663691,283656.03657733824,11.189072297219885,12.555517644309814
Republic of Korea,KOR,2008,1721251.75,49.182455999999995,23.836549758911133,3.410937547683716,7237983.0,0.6779746413230896,72210.60797007846,303650.61526130175,11.187342238881858,12.623633027542347
Republic of Korea,KOR,2009,1659645.375,49.347460999999996,23.706533432006836,3.439317226409912,7205280.0,0.6701754927635193,70007.93176952931,303936.46631910995,11.156363825605567,12.624573966175062
Republic of Korea,KOR,2010,1780067.625,49.545635999999995,24.02872085571289,3.467933177947998,7213039.0,0.6855635643005371,74080.83167176934,300184.0607043833,11.212912095927795,12.612151101183548
Republic of Korea,KOR,2011,1784289.875,49.786159,24.452390670776367,3.4984607696533203,7190924.5,0.6713544726371765,72969.95614962291,294078.587113122,11.197803075822428,12.591602313707565
Republic of Korea,KOR,2012,1790975.75,50.060638999999995,24.885498046875,3.5295772552490234,7693654.0,0.6531071066856384,71968.65204893507,309162.14678557066,11.18398591497999,12.641621165127255
Republic of Korea,KOR,2013,1751297.0,50.345717,25.257593154907227,3.5612964630126953,8144687.5,0.6146865487098694,69337.44594186502,322464.90986088244,11.1467403847254,12.68374960266517
Republic of Korea,KOR,2014,1834123.375,50.607907,25.826217651367188,3.5936331748962402,8675896.0,0.6128988862037659,71017.8857686079,335933.6669859094,11.170687036532808,12.724668999770717
Republic of Korea,KOR,2015,1943938.625,50.823093,26.079252243041992,3.6266024112701416,9110202.0,0.6317250728607178,74539.66114073104,349327.5771520874,11.21908662701716,12.763765377441187
Republic of Korea,KOR,2016,1999304.0,50.983456999999994,26.288166046142578,3.66021990776062,9397864.0,0.6348843574523926,76053.38449592493,357494.09005954623,11.239190800259642,12.786874109677587
Republic of Korea,KOR,2017,2088576.875,51.096415,26.55354881286621,3.6945011615753174,9973875.0,0.6340727210044861,78655.28218917408,375613.6353106699,11.272830066932759,12.836316328401379
Republic of Korea,KOR,2018,2118144.75,51.171706,26.58141326904297,3.7294631004333496,10309477.0,0.6219330430030823,79685.18184346566,387845.3299549178,11.28583892331994,12.868361904992891
Republic of Korea,KOR,2019,2162705.25,51.225308,26.798534393310547,3.765122890472412,10635833.0,0.6140710711479187,80702.37044529774,396881.14446493454,11.298523227374325,12.891392130625617
China,CHN,1990,2856361.25,1176.883674,660.4765014648438,1.9560774564743042,4763758.0,0.36676138639450073,4324.697765423893,7212.607851202361,8.372097536097355,8.8835858640775
China,CHN,1991,3006093.75,1192.897284,675.5034790039062,1.991196870803833,5051366.0,0.36950862407684326,4450.152876240948,7477.927437840463,8.400693728781642,8.919710952072016
China,CHN,1992,3285450.5,1206.7112439999999,682.740966796875,2.026946783065796,5506873.5,0.37416917085647583,4812.147885916252,8065.83135890595,8.47889880935638,8.99539206756609
China,CHN,1993,3587539.75,1218.817055,688.5791625976562,2.0633385181427,6179305.0,0.39365869760513306,5210.061449530438,8973.993602549124,8.55834692921345,9.102086073648348
China,CHN,1994,3854175.0,1230.020031,693.9137573242188,2.100383758544922,6911710.0,0.39292359352111816,5554.256504240491,9960.474089247127,8.622319850495034,9.206379948767832
China,CHN,1995,4257891.0,1240.920535,699.202392578125,2.138093948364258,7704396.0,0.40296414494514465,6089.640203175144,11018.835292585407,8.714344279020255,9.307361386793286
China,CHN,1996,4580774.5,1251.636186,705.6328125,2.1720845699310303,8578956.0,0.3909872770309448,6491.725468052834,12157.818978974989,8.778283640009713,9.405727779151517
China,CHN,1997,4742227.5,1261.9960119999998,713.3764038085938,2.206615447998047,9510872.0,0.37909939885139465,6647.581101199961,13332.19314407246,8.802008323298482,9.497936926576852
China,CHN,1998,4759017.5,1271.98235,721.1416015625,2.2416954040527344,10650426.0,0.3454538583755493,6599.2829836589935,14768.841482621006,8.794716283273344,9.600274935253468
China,CHN,1999,5037556.5,1281.5148319999998,728.7011108398438,2.2773330211639404,11811647.0,0.33565372228622437,6913.062742822098,16209.17935254253,8.841168051966871,9.693332987448338
China,CHN,2000,5420106.5,1290.550765,735.72314453125,2.313537359237671,13034514.0,0.34589576721191406,7367.046341125102,17716.60181807201,8.904772137028864,9.7822574347795
China,CHN,2001,5898086.0,1299.129752,742.6759643554688,2.329683542251587,14505863.0,0.35735371708869934,7941.668080127856,19531.886981947653,8.9798786178347,9.879803638862724
China,CHN,2002,6458509.0,1307.352257,748.6954345703125,2.345942497253418,16249036.0,0.3629510700702667,8626.35018431311,21703.132207992647,9.062576772756733,9.985211870494485
China,CHN,2003,7056661.5,1315.303521,753.5504150390625,2.3623151779174805,18387840.0,0.36780601739883423,9364.55127509179,24401.60556350674,9.144686698630576,10.102404210899515
China,CHN,2004,7876309.5,1323.084641,758.6143188476562,2.3788018226623535,20845850.0,0.38450273871421814,10382.495168248608,27478.85121871293,9.247876510130238,10.221171941194374
China,CHN,2005,8767904.0,1330.77638,763.2120361328125,2.3954036235809326,23684224.0,0.39891985058784485,11488.162640131934,31032.29886154275,9.349072448580891,10.342783839826932
China,CHN,2006,9562662.0,1338.408647,767.2093505859375,2.404458522796631,27126450.0,0.4097009301185608,12464.21461455957,35357.29847307366,9.430616986717068,10.473260113184532
China,CHN,2007,10522240.0,1345.993888,771.0383911132812,2.4135477542877197,31353628.0,0.4236558675765991,13646.843167961099,40664.159348446134,9.521263504119695,10.613102377780436
China,CHN,2008,11210087.0,1353.5694839999999,774.4563598632812,2.422671318054199,36438724.0,0.42011120915412903,14474.78202900803,47050.71310465152,9.580163243882776,10.758981301214323
China,CHN,2009,12166251.0,1361.1694189999998,777.6272583007812,2.4318294525146484,42933700.0,0.4133411943912506,15645.350481392426,55211.15616987994,9.657929057986442,10.91892031637163
China,CHN,2010,13847619.0,1368.8106149999999,781.0355224609375,2.4410219192504883,49973752.0,0.4220733940601349,17729.819709567142,63983.96815875859,9.783003230351417,11.066387833442668
China,CHN,2011,14969009.0,1376.497639,784.7133178710938,2.4754698276519775,56498932.0,0.42415735125541687,19075.767747399168,71999.4559965926,9.856174104223383,11.184413842366768
China,CHN,2012,15920895.0,1384.206401,788.2928466796875,2.510403633117676,61248864.0,0.4326445162296295,20196.675724078017,77698.1096022652,9.913273301731529,11.260586206616598
China,CHN,2013,16563043.0,1391.88333,791.6427612304688,2.545830488204956,66224916.0,0.4247879981994629,20922.37030533277,83655.05155010206,9.948574215074709,11.33445709371418
China,CHN,2014,17369238.0,1399.453965,794.6456298828125,2.57462215423584,70822720.0,0.4248502850532532,21857.841214783333,89124.90969143607,9.992315001811996,11.397794144436263
China,CHN,2015,17985756.0,1406.8478699999998,797.3352661132812,2.5990278720855713,73737440.0,0.42758530378341675,22557.331607410273,92479.842713396,10.023815418803013,11.434745983141307
China,CHN,2016,18591710.0,1414.049351,798.5303344726562,2.6236650943756104,78411272.0,0.4275972247123718,23282.409192730083,98194.48130518704,10.055453384151123,11.494705294241845
China,CHN,2017,19687162.0,1421.021791,799.1860961914062,2.648535966873169,83349168.0,0.43611690402030945,24634.01464792863,104292.56514497439,10.111883476123671,11.554955355082546
China,CHN,2018,19729128.0,1427.647786,799.306640625,2.67364239692688,91126264.0,0.41347578167915344,24682.802565700254,114006.63946535694,10.113862027719001,11.644011966604879
China,CHN,2019,20257660.0,1433.783686,798.8077392578125,2.6989870071411133,99462136.0,0.40345701575279236,25359.869470996586,124513.23530291802,10.140923261495194,11.732167296890601
India,IND,1990,1248876.875,873.277798,345.3869934082031,1.4869214296340942,2624342.5,0.31278350949287415,3615.8769694143857,7598.266727138633,8.193089696988103,8.93567543804568
India,IND,1991,1288912.625,891.273209,354.10601806640625,1.509102702140808,2782678.0,0.30945369601249695,3639.9060146961056,7858.318859404865,8.199713140159009,8.96932797697457
India,IND,1992,1359505.5,909.307016,363.08441162109375,1.531614899635315,2973217.25,0.30418723821640015,3744.323514000782,8188.776920290312,8.227996242518525,9.010519827513168
India,IND,1993,1431690.5,927.40386,372.4365539550781,1.5544629096984863,3174301.0,0.31055906414985657,3844.119178947953,8523.065113482045,8.254299773498218,9.050531310230538
India,IND,1994,1516147.75,945.601831,377.7109680175781,1.5776517391204834,3396753.5,0.3147927224636078,4014.0421602198235,8992.996729292541,8.297554032594553,9.104201412219636
India,IND,1995,1641349.75,963.9225879999999,381.69012451171875,1.6011863946914673,3664915.25,0.33110368251800537,4300.215396192696,9601.807892432069,8.36642039256492,9.169706681853881
India,IND,1996,1774658.0,982.365243,385.8723449707031,1.6403032541275024,3962103.25,0.33557984232902527,4599.080558972783,10267.91191864454,8.433611684014643,9.23677896371549
India,IND,1997,1855923.25,1000.9000299999999,390.4251403808594,1.680375576019287,4311111.5,0.3289378881454468,4753.59565265072,11042.095024399594,8.466656590169622,9.309470068530525
India,IND,1998,2014961.375,1019.483581,395.1845703125,1.7183970212936401,4738110.5,0.33201998472213745,5098.785545717611,11989.61410930909,8.536757662064709,9.39179606312574
India,IND,1999,2157765.5,1038.058156,400.2873229980469,1.7499445676803589,5277173.0,0.3324010968208313,5390.541683505996,13183.462719916686,8.592401156721003,9.486718498885347
India,IND,2000,2258594.0,1056.575549,409.24859619140625,1.7820713520050049,5799616.0,0.32761234045028687,5518.880262557215,14171.376649725904,8.615930267708086,9.558979480381113
India,IND,2001,2380421.25,1075.000085,419.76202392578125,1.7967816591262817,6503466.5,0.3257661461830139,5670.882820073513,15493.222657869326,8.643100084791113,9.64815795940721
India,IND,2002,2510063.5,1093.3171889999999,430.7332763671875,1.8116134405136108,7245018.5,0.32699501514434814,5827.419513927325,16820.196853850302,8.670329559390652,9.730335637016735
India,IND,2003,2737701.5,1111.523144,442.3812255859375,1.8265676498413086,8097120.0,0.3322168290615082,6188.5571576277725,18303.489234370874,8.730457246041128,9.814846989199433
India,IND,2004,2993553.75,1129.623456,454.54498291015625,1.8416452407836914,9147686.0,0.34326592087745667,6585.825083436671,20124.930081580285,8.792674903737074,9.909714628073539
India,IND,2005,3412601.75,1147.609927,457.6380615234375,1.8568472862243652,10322284.0,0.36963552236557007,7456.988473903906,22555.56272054385,8.91690692186792,10.023736998347234
India,IND,2006,3824682.5,1165.486291,457.9736633300781,1.8782007694244385,11712631.0,0.38915112614631653,8351.315383922882,25574.900781048374,9.030174336446922,10.1493667112834
India,IND,2007,4285933.0,1183.209472,459.0289001464844,1.8997995853424072,13433789.0,0.4064489006996155,9336.956776865862,29265.671498489606,9.141735651241751,10.284170486908502
India,IND,2008,4544137.0,1200.6697649999999,460.81292724609375,1.9216468334197998,15470290.0,0.3986629843711853,9861.131776742099,33571.73613260681,9.196356225668868,10.421439805425816
India,IND,2009,4860653.5,1217.726215,463.6325988769531,1.9437453746795654,17740868.0,0.39067113399505615,10483.847580549453,38264.92796876947,9.25759102604588,10.552289036811032
India,IND,2010,5621831.5,1234.28117,467.4125061035156,1.9660980701446533,20219374.0,0.41127240657806396,12027.559011771413,43258.09373085561,9.394955879965348,10.67493963313752
India,IND,2011,6118499.0,1250.287943,472.2144775390625,1.9878915548324585,22608038.0,0.4191390872001648,12957.03391367086,47876.63037741112,9.469394079026857,10.776382780783743
India,IND,2012,6620450.5,1265.780247,469.8310852050781,2.0099265575408936,24331510.0,0.4380268454551697,14091.129149341445,51787.78238859921,9.553300740031107,10.854909539203987
India,IND,2013,6707768.5,1280.842125,483.8543395996094,2.032205820083618,25655264.0,0.4217481017112732,13863.19797307325,53022.7010493071,9.536992980116871,10.87847542251575
India,IND,2014,6992451.5,1295.600772,483.0845947265625,2.054732084274292,26698186.0,0.4254571497440338,14474.590115956596,55266.06787184306,9.580149985353335,10.919914398309537
India,IND,2015,7381976.0,1310.152403,482.7004699707031,2.077507972717285,27473748.0,0.43416547775268555,15293.078128654068,56916.76248350759,9.635155595120404,10.949345172221916
India,IND,2016,7796715.0,1324.517249,482.989013671875,2.100536346435547,28649930.0,0.4405019283294678,16142.634261442647,59317.97450669077,9.689219141730563,10.990667650468145
India,IND,2017,8284343.0,1338.6767849999999,487.19097900390625,2.1238200664520264,30257410.0,0.4451795816421509,17004.302946942655,62105.850280444945,9.741221705536315,11.036595470898902
India,IND,2018,8899718.0,1352.64228,491.07720947265625,2.1473617553710938,32223104.0,0.4515715539455414,18122.848766606316,65617.18478974582,9.804928783939848,11.091592903884118
India,IND,2019,9170555.0,1366.4177539999998,497.61572265625,2.1711645126342773,34101256.0,0.44310885667800903,18428.98964495735,68529.29770379652,9.821680227943407,11.135016636516218
South Africa,ZAF,1990,350027.3125,36.800509,11.598756790161133,1.907844066619873,861322.9375,0.770919680595398,30178.00259394329,74259.93605026994,10.314868547028372,11.215326866570855
South Africa,ZAF,1991,348701.4375,37.71895,12.058774948120117,1.9249558448791504,867267.1875,0.7544003129005432,28916.82107015027,71920.00773139905,10.272178748728479,11.183309776645483
South Africa,ZAF,1992,341718.34375,38.672607,12.246694564819336,1.9422211647033691,872100.875,0.7298739552497864,27902.90408088095,71211.12316340889,10.236486051313046,11.173404309403518
South Africa,ZAF,1993,349125.625,39.63375,12.437640190124512,1.9596413373947144,877258.3125,0.7299760580062866,28070.08561617708,70532.53664602255,10.242459719446648,11.163829395045664
South Africa,ZAF,1994,362225.84375,40.564059,12.631525993347168,1.9772177934646606,886926.375,0.7361553907394409,28676.332846940175,70215.29904360966,10.263827422066099,11.159321501363655
South Africa,ZAF,1995,381686.625,41.435758,12.828445434570312,1.994951844215393,899387.1875,0.7606291174888611,29753.147171786255,70108.82121978054,10.300690192665629,11.157803902763142
South Africa,ZAF,1996,400661.6875,42.241011,13.028578758239746,2.0128448009490967,915847.0625,0.7684820890426636,30752.52450284395,70295.23937296576,10.333727367518298,11.160459356771256
South Africa,ZAF,1997,411783.46875,42.987460999999996,13.231837272644043,2.0308985710144043,934555.875,0.7637145519256592,31120.65696283428,70629.33557474539,10.345627088700423,11.165200855233497
South Africa,ZAF,1998,415680.28125,43.68226,13.438220977783203,2.0491139888763428,957379.5,0.7310971617698669,30932.68684427985,71243.0240269744,10.339568730457177,11.173852184944215
South Africa,ZAF,1999,420529.1875,44.338543,13.645474433898926,2.067492961883545,970903.4375,0.7151700854301453,30818.21665762647,71152.04694444497,10.335861244047033,11.172574372527146
South Africa,ZAF,2000,442290.15625,44.967707999999995,13.834761619567871,2.0860366821289062,983929.0625,0.7360233664512634,31969.48154310265,71120.0589902707,10.372537024940929,11.172124699634443
South Africa,ZAF,2001,458216.21875,45.571273999999995,13.373290061950684,2.1245133876800537,1002928.0625,0.7665091753005981,34263.53699256881,74994.86348191185,10.4418370062623,11.22517490326527
South Africa,ZAF,2002,482551.03125,46.150912999999996,14.032674789428711,2.1636998653411865,1025163.5625,0.7665368914604187,34387.672948390566,73055.4636149831,10.44545343461722,11.198974207194913
South Africa,ZAF,2003,492140.0,46.719196,13.72883129119873,2.2036092281341553,1052337.25,0.7718210816383362,35847.18826834887,76651.62661548851,10.487020412501419,11.247026105411889
South Africa,ZAF,2004,519509.0625,47.29161,13.850427627563477,2.2442543506622314,1088233.5,0.7764369249343872,37508.521503418044,78570.38997368766,10.532323426234532,11.271750189549273
South Africa,ZAF,2005,559336.25,47.880601,13.727082252502441,2.285649299621582,1131803.625,0.798492431640625,40746.91472749304,82450.41474809205,10.615135403593936,11.31995235827336
South Africa,ZAF,2006,601875.875,48.489459,15.64882755279541,2.327808141708374,1216562.25,0.7812659740447998,38461.40376775285,77741.43116445045,10.557410517898234,11.26114361386437
South Africa,ZAF,2007,638142.75,49.119758999999995,15.848689079284668,2.370744228363037,1377188.75,0.7707391977310181,40264.70245000242,86896.06712015576,10.603230494409777,11.372468052693723
South Africa,ZAF,2008,652274.875,49.779471,16.367197036743164,2.4144723415374756,1625429.875,0.7217962145805359,39852.57057367187,99310.21612014742,10.592942188378121,11.50600372611241
South Africa,ZAF,2009,634073.1875,50.477011,16.039417266845703,2.4590070247650146,1938481.875,0.6617031693458557,39532.18355448996,120857.37547379239,10.584870392672839,11.702366414255245
South Africa,ZAF,2010,660532.4375,51.216964,15.727519035339355,2.5043632984161377,2272312.0,0.6346882581710815,41998.51457917804,144480.00316478204,10.645389529477645,11.88089639055545
South Africa,ZAF,2011,696920.0625,52.003755,16.44773292541504,2.5577144622802734,2492344.0,0.6219992637634277,42371.80076186178,151531.15698692005,10.654238343587465,11.928546539466465
South Africa,ZAF,2012,698631.9375,52.832657999999995,16.5179500579834,2.5960116386413574,2509286.25,0.6211228966712952,42295.31721839416,151912.69141700913,10.652431654849348,11.931061236226046
South Africa,ZAF,2013,703617.6875,53.687121,16.875900268554688,2.6351492404937744,2570641.0,0.611170768737793,41693.63863870833,152326.1549957097,10.638103845519366,11.933779257531471
South Africa,ZAF,2014,710668.3125,54.544185999999996,16.99268341064453,2.675950527191162,2631893.0,0.6029086112976074,41822.01806071572,154883.89540355548,10.641178227693903,11.950431053301788
South Africa,ZAF,2015,716283.25,55.386367,17.783721923828125,2.718503475189209,2660125.0,0.5851127505302429,40277.46571094679,149582.01727365862,10.603547428044484,11.915600131907285
South Africa,ZAF,2016,713601.625,56.207646,17.984968185424805,2.762902021408081,2683380.25,0.5722060203552246,39677.66957621364,149201.2786641812,10.588543829235945,11.913051536850338
South Africa,ZAF,2017,726021.0,57.009755999999996,18.30284309387207,2.8092458248138428,2708887.0,0.5750173926353455,39667.11599265566,148003.61813225376,10.588277810907341,11.904991999286985
South Africa,ZAF,2018,732308.1875,57.792517999999994,18.686357498168945,2.8576412200927734,2762087.0,0.55931156873703,39189.456135138054,147813.02349966567,10.576163013453545,11.903703399308904
South Africa,ZAF,2019,734094.375,58.55827,18.642709732055664,2.9082024097442627,2816883.25,0.5476300120353699,39377.021127875174,151098.38057267186,10.580937705042333,11.925686430616844
