id,time,treated,post,y,x1
1,1,0,0.0,2.635684501894052,-0.36335748145177754
1,2,0,0.0,3.688203371034685,0.2517372155742292
1,3,0,0.0,2.8795130252322694,-0.31498797116895605
1,4,0,0.0,3.133802685104638,-0.31125240132442067
1,5,0,0.0,3.6008497885791964,0.8163067649323273
1,6,0,1.0,2.9831774941358558,0.47673837983187795
1,7,0,1.0,3.6579723666500557,-0.8595553820616212
1,8,0,1.0,3.223704581426843,-1.4692882055065464
1,9,0,1.0,2.2190042587544654,-2.114334831130985
1,10,0,1.0,2.845686983841487,0.04378166203061088
2,1,0,0.0,3.0769614063045427,-0.8253345499750688
2,2,0,0.0,2.3465906590285224,0.840288523245819
2,3,0,0.0,3.5770972658458606,0.4338858743048611
2,4,0,0.0,2.076957917569877,-0.3954398407537453
2,5,0,0.0,3.115937794119168,0.517130881450359
2,6,0,1.0,4.1726984523002875,1.4472238915818758
2,7,0,1.0,2.1562162213124574,-0.09307792119019635
2,8,0,1.0,3.157968565506041,-1.2725855703776923
2,9,0,1.0,4.052311482705577,-0.31074387308373413
2,10,0,1.0,3.145460727141611,-0.09658102196264856
3,1,0,0.0,2.509923359325062,-1.382810701683701
3,2,0,0.0,2.0495120951375387,-1.4624467959172898
3,3,0,0.0,2.6265909573905386,1.3009715392603625
3,4,0,0.0,3.4439689724328386,2.2662797122662086
3,5,0,0.0,3.3443640517304427,1.512392007786763
3,6,0,1.0,2.9577394824459198,0.6488490404135202
3,7,0,1.0,4.341595127760854,0.8999443097509223
3,8,0,1.0,2.803033589533982,0.2841579102153428
3,9,0,1.0,2.849188070406129,1.1035883018237678
3,10,0,1.0,3.852646425911845,0.6638827324729892
4,1,0,0.0,3.1104392218943713,0.17127065460959456
4,2,0,0.0,3.8212981549404144,1.1199182981069984
4,3,0,0.0,3.8611365615766555,1.9207540740525255
4,4,0,0.0,3.13104721714243,0.8006488606751957
4,5,0,0.0,2.646322941780048,-0.385611048520393
4,6,0,1.0,3.5127445379005544,-0.4397250817930096
4,7,0,1.0,3.9977682575682287,0.6298828493988105
4,8,0,1.0,3.2566900982267755,-0.06961219651922648
4,9,0,1.0,2.169966145376474,-0.7789119879113274
4,10,0,1.0,2.7580221745329445,-0.8787419860341007
5,1,0,0.0,3.3195707744904235,0.2440527312174788
5,2,0,0.0,3.147661132485804,0.3223729372800154
5,3,0,0.0,4.307349414428141,2.041100938637203
5,4,0,0.0,2.8042402040217076,-0.16523436268962188
5,5,0,0.0,3.5756971703005016,-0.17095944348761516
5,6,0,1.0,2.569555456773597,-0.8151152486093222
5,7,0,1.0,3.132247627631589,-0.9005453041906385
5,8,0,1.0,3.358250220037785,-0.19300716396225298
5,9,0,1.0,2.647210595719674,-0.9983741934645419
5,10,0,1.0,2.3705325087252556,-1.5410623950236277
6,1,0,0.0,2.8110758188569136,-0.6197050916331831
6,2,0,0.0,3.235437175158411,0.6357047126615359
6,3,0,0.0,3.1505967608585483,-0.47862281061920225
6,4,0,0.0,3.2465796045090025,0.9946956727381081
6,5,0,0.0,3.2399170377977393,0.3303352285550901
6,6,0,1.0,3.3414084257158776,0.377489040241215
6,7,0,1.0,2.511298871910637,-1.733183409760652
6,8,0,1.0,2.973468154083423,-0.9073709325741889
6,9,0,1.0,3.979500165906156,1.3110173557334994
6,10,0,1.0,3.1371282974754,0.02395114244885036
7,1,0,0.0,3.629897491238611,1.2252970583943696
7,2,0,0.0,3.2813723517484914,1.304371943276669
7,3,0,0.0,2.4413016168200676,-0.4400172451059574
7,4,0,0.0,2.661257364221666,-1.7799429142766356
7,5,0,0.0,2.9275492996515373,0.9583480063101281
7,6,0,1.0,3.498223783547955,-1.1732524189956186
7,7,0,1.0,3.979626765894868,0.5415424548443852
7,8,0,1.0,3.5572098158318752,-2.1251254523790672
7,9,0,1.0,3.0689450417729534,-0.49101459568950384
7,10,0,1.0,2.604910214542146,-0.5443474742221707
8,1,0,0.0,3.03422556303328,-1.0510344212689204
8,2,0,0.0,2.820781439431542,1.1979596698125403
8,3,0,0.0,3.152521049239927,0.9300043221624539
8,4,0,0.0,2.5490250533312633,-0.032029723276023235
8,5,0,0.0,2.5756796890461535,-0.8915781866049347
8,6,0,1.0,2.7732975804502864,0.9147784914448018
8,7,0,1.0,3.295144240647666,-1.59561428445693
8,8,0,1.0,3.8137835130400983,-0.454048384037065
8,9,0,1.0,3.000605633828519,0.04495140479081785
8,10,0,1.0,2.5241519563770014,-0.7922834268552733
9,1,0,0.0,3.6440047640635673,0.3732453333416736
9,2,0,0.0,2.8444787658186694,-1.4046570107964054
9,3,0,0.0,1.7031848584585003,-1.2347689825091572
9,4,0,0.0,0.9724747905083406,-0.12530686450201148
9,5,0,0.0,2.5907965921246094,-0.78565682978007
9,6,0,1.0,3.5134231681548536,-0.4080986981389409
9,7,0,1.0,2.3762609865177575,-1.7267994802981395
9,8,0,1.0,3.586553210976657,0.5570765697275968
9,9,0,1.0,2.8602864114129862,-0.3914536476104827
9,10,0,1.0,2.9832512284613038,-0.250762503705424
10,1,0,0.0,3.5504629058859294,1.0218390547808818
10,2,0,0.0,3.1247240946495882,-0.000939762193643709
10,3,0,0.0,3.1190331947946897,-1.5007761311216228
10,4,0,0.0,2.562519549018589,0.26292474430434837
10,5,0,0.0,3.1357799644829223,-1.0611177539602412
10,6,0,1.0,4.0855286974875735,1.0364206513956815
10,7,0,1.0,4.23547504820783,0.7234646890415947
10,8,0,1.0,3.938799284146792,0.8541604336744864
10,9,0,1.0,3.0364043847667124,0.3682069358154837
10,10,0,1.0,3.9928361698282884,-0.04656094092083756
11,1,1,0.0,4.4308559507612255,1.7081843190508057
11,2,1,0.0,2.7120004297968494,-1.0310474066155366
11,3,1,0.0,3.8173358230045236,-0.14441362324311863
11,4,1,0.0,3.2349952922356295,-1.6269181269443471
11,5,1,0.0,3.6734880831450227,-0.06217490931366065
11,6,1,1.0,3.6779084875028136,0.21439234093920106
11,7,1,1.0,5.583544288777594,1.5294442502878554
11,8,1,1.0,4.532032461080669,0.27437291327913876
11,9,1,1.0,4.418308058701984,1.729077927144221
11,10,1,1.0,3.387260209512623,-0.8785126410853809
12,1,1,0.0,3.035792831220784,-0.4280582287959271
12,2,1,0.0,3.5773754380538882,-0.27271841265920194
12,3,1,0.0,2.9580339926867225,-0.8351828409416799
12,4,1,0.0,3.3801493718080318,0.9552537029900053
12,5,1,0.0,3.8156185164408534,1.2438797492400726
12,6,1,1.0,5.570294009393034,0.6091662702133595
12,7,1,1.0,5.149900361396524,-0.3407882587838508
12,8,1,1.0,3.7389969233729925,-1.8623610290958061
12,9,1,1.0,3.49599093665404,-1.8071566859269461
12,10,1,1.0,5.004174749879138,-0.30215190432626304
13,1,1,0.0,3.7807266524082483,0.5235458351511042
13,2,1,0.0,3.781102639847421,0.3165631040551781
13,3,1,0.0,2.5906905838288194,-0.2370483772433455
13,4,1,0.0,2.1569071184169744,-0.9960953449205703
13,5,1,0.0,3.4865608423223247,0.1988336011285409
13,6,1,1.0,4.752982546129264,0.13710652322055839
13,7,1,1.0,4.010185282546344,0.11927996180139382
13,8,1,1.0,4.039053831929034,-0.14555523193584155
13,9,1,1.0,4.458917301570082,0.4455260266671999
13,10,1,1.0,3.825803227023787,-0.3013409269703624
14,1,1,0.0,4.077132639121158,0.8186630238216842
14,2,1,0.0,4.693105543780962,0.28296375062712315
14,3,1,0.0,3.3452011696146773,-0.6860122522560356
14,4,1,0.0,2.7181327481920383,-1.535709285272317
14,5,1,0.0,2.610328697674014,-0.848396634842909
14,6,1,1.0,4.627348966943459,0.5531412268919781
14,7,1,1.0,3.095951362037483,-1.1037543534623366
14,8,1,1.0,5.698292807219207,1.4415482163586306
14,9,1,1.0,4.40748536369762,-0.8629724210773512
14,10,1,1.0,4.7508574589806996,-0.40871436485843515
15,1,1,0.0,3.946816445520514,0.09472381288388941
15,2,1,0.0,3.685279206734592,-0.3275986185712264
15,3,1,0.0,3.405766115914225,1.5206780293689868
15,4,1,0.0,3.665426888996526,0.4821687376476987
15,5,1,0.0,3.5615476210089345,0.34803310071865035
15,6,1,1.0,5.632278658715487,1.0797802284882931
15,7,1,1.0,4.1206182543348975,0.7199706419742407
15,8,1,1.0,4.164313698377948,-0.40399338882985514
15,9,1,1.0,4.81128830259663,-1.036580540904315
15,10,1,1.0,4.147447270144047,-1.04568578609413
16,1,1,0.0,4.395065159716164,0.15689382038116473
16,2,1,0.0,3.368881127994681,-0.490394387830272
16,3,1,0.0,3.8440683492404504,0.24165819550937345
16,4,1,0.0,2.9414912362663284,-1.0953155054794443
16,5,1,0.0,2.804761318061156,-0.40233673118050867
16,6,1,1.0,3.3809788876006275,-1.406572316785686
16,7,1,1.0,4.1955173166238,-0.9422061209233982
16,8,1,1.0,4.809237229611719,0.4955597219336491
16,9,1,1.0,5.193540284092844,1.2456240560688676
16,10,1,1.0,3.7707990185958034,-1.6282590977631333
17,1,1,0.0,4.404616049003953,0.8635357629273366
17,2,1,0.0,4.326003219599462,0.854580245295261
17,3,1,0.0,4.125760211656127,-0.8723843276797875
17,4,1,0.0,3.599124647808687,1.4231400368512857
17,5,1,0.0,3.2048958222798696,-0.8988465755001893
17,6,1,1.0,4.986463222648373,0.5952261880161231
17,7,1,1.0,5.048680875761924,0.9116084132861851
17,8,1,1.0,3.7176355999538244,-0.32522482484174287
17,9,1,1.0,4.10759693639192,-1.0682844048666915
17,10,1,1.0,4.907938433498918,2.39172420705783
18,1,1,0.0,3.486323309519358,-0.16412932726978166
18,2,1,0.0,3.285509265828085,0.8952772831831687
18,3,1,0.0,4.321542023337544,-0.38240954654121545
18,4,1,0.0,2.7433969078448093,-0.12122473558318383
18,5,1,0.0,3.714567491369263,0.5398128510921829
18,6,1,1.0,4.738191281393764,0.7037362204876277
18,7,1,1.0,4.297359396494881,-2.7480248137877052
18,8,1,1.0,4.143047615546713,-0.4978805677564023
18,9,1,1.0,4.209680983373481,1.2291751824516288
18,10,1,1.0,4.461652450040904,2.310305988208175
19,1,1,0.0,4.2630768586303365,0.2840473457895652
19,2,1,0.0,4.031442732147043,0.9615920401588718
19,3,1,0.0,4.0075627991078875,0.1880417244043678
19,4,1,0.0,2.918796027135898,1.2484853684055297
19,5,1,0.0,4.234607578168376,0.3689848307852841
19,6,1,1.0,5.47073985682475,0.5461122257697325
19,7,1,1.0,4.6198090959110285,0.3698087097799145
19,8,1,1.0,3.4941567433564,-0.9824290754812778
19,9,1,1.0,5.402587150610686,0.7369693829477952
19,10,1,1.0,5.124592264985484,0.2847683696308036
20,1,1,0.0,2.6709584188159345,-2.056369889538669
20,2,1,0.0,3.3195991314213935,0.5668389180267627
20,3,1,0.0,4.440628214086764,0.7178715862640512
20,4,1,0.0,3.4715482320895785,-1.113746704773615
20,5,1,0.0,3.564974481863978,-0.8071091052411898
20,6,1,1.0,4.118562335740759,-0.808579815078518
20,7,1,1.0,4.552895352177246,1.7995350308617175
20,8,1,1.0,4.63224323584378,-0.8440681433869269
20,9,1,1.0,4.253107093223656,-1.529323847225266
20,10,1,1.0,4.354408302139456,-0.19509907821117517
